MonthlySalary,YearsAtCompany,Workload_Index,Salary_per_Project,Days_Since_Join,Month_cos,Attrition
-0.8824057681410911,1.0,0.28846367207647106,-0.51961179650291,1.1400491687909837,-0.23381121863538304,0
0.7785933248303745,-0.3333333333333333,0.10384692194752958,-0.7396198155877652,-0.3429984939277188,-1.4196542020356662,1
-1.2976555413839574,0.3333333333333333,-0.45000332843929486,0.14041226075165603,0.5874040491929767,0.9520317647649,0
0.3633435515875081,-1.0,-0.6346200785682363,-0.38760698505199687,-1.1877060659715082,0.9520317647648996,1
1.6090928713161072,1.6666666666666667,2.319247923494827,-0.8024792496120097,1.6087481942728379,-1.6031047500009477,0
-1.0485056774382375,-1.6666666666666667,-1.3730870790840022,2.516498866868094,-1.36434263900758,0.45083554704739937,1
-0.4671559948982247,0.3333333333333333,-0.08076982818141189,-0.18959976787562702,0.15368256292618632,-0.2338112186353834,0
0.944693234127521,-0.3333333333333333,-0.17307820324588263,-0.017993512989439842,-0.5948367762761777,1.1354823127301816,1
