Height_cm,Weight_kg,BMI,Days_Since_Enroll,City_Mumbai,City_Pune,Pass
-0.6585046078685167,-0.7613144828314273,-0.7350137979698986,-0.8464395255596092,-0.44721359549995787,-0.7071067811865475,1
0.32925230393426036,0.943120926492663,1.289931558962958,0.057592792460756916,2.2360679774997894,-0.7071067811865475,0
-1.646261519671294,-1.3067338138151363,-1.1012595202253184,-0.35079246317006485,-0.44721359549995787,1.4142135623730951,1
1.458117345994577,1.6248950902222992,1.468514183864361,1.9494287629898628,-0.44721359549995787,-0.7071067811865475,0
0.7525766947068792,-0.0795403191017912,-0.4868142175984573,0.31239726819622693,-0.44721359549995787,-0.7071067811865475,1
-0.23518021709589798,-0.4204274009666093,-0.4353582070336458,-1.1221868349171726,-0.44721359549995787,1.4142135623730951,1
